<?xml version="1.0" encoding="UTF-8"?>
<project-private xmlns="http://www.netbeans.org/ns/project-private/1">
    <editor-bookmarks xmlns="http://www.netbeans.org/ns/editor-bookmarks/2" lastBookmarkId="0"/>
    <open-files xmlns="http://www.netbeans.org/ns/projectui-open-files/2">
        <group>
            <file>file:/home/cuongpham/Desktop/ExternalProject/AppLaptopShop/src/applaptopshop/utils/StaticData.java</file>
            <file>file:/home/cuongpham/Desktop/ExternalProject/AppLaptopShop/src/applaptopshop/daos/MySQLConnection.java</file>
            <file>file:/home/cuongpham/Desktop/ExternalProject/AppLaptopShop/src/applaptopshop/views/UpdateLaptopView.java</file>
            <file>file:/home/cuongpham/Desktop/ExternalProject/AppLaptopShop/src/applaptopshop/views/ManageLaptopView.java</file>
            <file>file:/home/cuongpham/Desktop/ExternalProject/AppLaptopShop/src/applaptopshop/views/ListLaptopView.java</file>
            <file>file:/home/cuongpham/Desktop/ExternalProject/AppLaptopShop/src/applaptopshop/views/LoginView.java</file>
            <file>file:/home/cuongpham/Desktop/ExternalProject/AppLaptopShop/src/applaptopshop/controllers/AddLaptopController.java</file>
            <file>file:/home/cuongpham/Desktop/ExternalProject/AppLaptopShop/src/applaptopshop/views/AddLaptopView.java</file>
            <file>file:/home/cuongpham/Desktop/ExternalProject/AppLaptopShop/src/applaptopshop/views/RegisterView.java</file>
            <file>file:/home/cuongpham/Desktop/ExternalProject/AppLaptopShop/applaptopswing.sql</file>
            <file>file:/home/cuongpham/Desktop/ExternalProject/AppLaptopShop/src/applaptopshop/views/DetailOrderView.java</file>
            <file>file:/home/cuongpham/Desktop/ExternalProject/AppLaptopShop/src/applaptopshop/Main.java</file>
            <file>file:/home/cuongpham/Desktop/ExternalProject/AppLaptopShop/src/applaptopshop/views/ListOrderView.java</file>
            <file>file:/home/cuongpham/Desktop/ExternalProject/AppLaptopShop/src/applaptopshop/views/MenuView.java</file>
            <file>file:/home/cuongpham/Desktop/ExternalProject/AppLaptopShop/src/applaptopshop/controllers/CartController.java</file>
            <file>file:/home/cuongpham/Desktop/ExternalProject/AppLaptopShop/src/applaptopshop/views/CartView.java</file>
        </group>
    </open-files>
</project-private>
